-- phpMyAdmin SQL Dump
-- version 4.8.5
-- https://www.phpmyadmin.net/
--
-- Host: localhost:3306
-- Generation Time: Jun 02, 2019 at 03:19 AM
-- Server version: 5.7.25
-- PHP Version: 7.3.1

SET SQL_MODE = "NO_AUTO_VALUE_ON_ZERO";
SET time_zone = "+00:00";

--
-- Database: `runbuddy`
--

-- --------------------------------------------------------

--
-- Table structure for table `event`
--

CREATE TABLE `event` (
  `id` mediumint(8) UNSIGNED NOT NULL,
  `eventName` varchar(50) CHARACTER SET utf8 COLLATE utf8_unicode_ci NOT NULL,
  `eventDate` datetime NOT NULL
) ENGINE=InnoDB DEFAULT CHARSET=utf8;

--
-- Dumping data for table `event`
--

INSERT INTO `event` (`id`, `eventName`, `eventDate`) VALUES
(3, 'Marathon', '2019-05-17 00:00:00'),
(5, 'la marathon', '2019-06-02 00:00:00');

-- --------------------------------------------------------

--
-- Table structure for table `guest_run_stats`
--

CREATE TABLE `guest_run_stats` (
  `id` mediumint(8) UNSIGNED NOT NULL,
  `distance` float(7,2) UNSIGNED NOT NULL,
  `lat` float(10,6) NOT NULL,
  `lng` float(10,6) NOT NULL,
  `city` varchar(30) COLLATE utf8_unicode_ci NOT NULL,
  `time` mediumint(8) UNSIGNED NOT NULL,
  `heart_rate` tinyint(3) UNSIGNED NOT NULL,
  `calories` mediumint(8) UNSIGNED NOT NULL,
  `pace` mediumint(8) NOT NULL,
  `date` datetime NOT NULL,
  `user_id` mediumint(8) UNSIGNED NOT NULL
) ENGINE=InnoDB DEFAULT CHARSET=utf8 COLLATE=utf8_unicode_ci;

-- --------------------------------------------------------

--
-- Table structure for table `miles`
--

CREATE TABLE `miles` (
  `id` bigint(20) UNSIGNED NOT NULL,
  `time` mediumint(9) UNSIGNED NOT NULL,
  `mileage` float(7,2) UNSIGNED NOT NULL,
  `run_id` smallint(5) UNSIGNED NOT NULL
) ENGINE=InnoDB DEFAULT CHARSET=utf8 COLLATE=utf8_unicode_ci;

--
-- Dumping data for table `miles`
--

INSERT INTO `miles` (`id`, `time`, `mileage`, `run_id`) VALUES
(1, 700, 1.00, 1),
(2, 800, 1.00, 2),
(3, 900, 1.00, 3),
(4, 1800, 2.00, 3),
(5, 2700, 3.00, 3),
(6, 900, 1.00, 4),
(7, 1800, 2.00, 4),
(8, 2700, 3.00, 4),
(9, 3600, 4.00, 4),
(10, 4500, 5.00, 4),
(11, 5400, 6.00, 4),
(12, 10300, 7.00, 4),
(13, 11200, 8.00, 4),
(14, 12100, 9.00, 4),
(15, 13000, 10.00, 4),
(16, 22031, 1.00, 1),
(17, 22042, 1.00, 1),
(18, 21255, 2.00, 1),
(19, 8139, 3.00, 1),
(20, 0, 4.00, 1),
(36, 45, 1.00, 150),
(37, 45, 2.00, 150),
(77, 45, 1.00, 159),
(78, 45, 1.00, 161),
(79, 45, 1.00, 162),
(84, 45, 1.00, 165),
(86, 8, 0.20, 165),
(87, 45, 1.00, 166),
(88, 5, 1.12, 166),
(89, 45, 1.00, 167),
(90, 3, 1.06, 167),
(91, 45, 1.00, 168),
(92, 45, 2.00, 168),
(93, 6, 2.13, 168),
(96, 28, 0.62, 170),
(97, 45, 1.00, 171),
(98, 2, 1.06, 171),
(99, 45, 1.00, 172),
(100, 45, 1.00, 173),
(101, 3, 1.08, 173),
(102, 45, 1.00, 174),
(103, 4, 1.08, 174),
(104, 11, 0.24, 175),
(105, 45, 1.00, 176),
(106, 1, 1.04, 176),
(107, 1, 0.03, 177),
(108, 45, 1.00, 0),
(109, 44, 2.00, 0),
(110, 2, 2.05, 0),
(111, 5, 0.10, 0),
(112, 5, 0.10, 0),
(113, 3, 0.07, 179),
(114, 2, 0.00, 0),
(115, 4, 0.09, 181),
(116, 3, 0.00, 0),
(117, 3, 0.07, 183),
(118, 2, 0.00, 0),
(119, 8, 0.18, 185),
(120, 5, 0.10, 186),
(121, 3, 0.07, 187),
(122, 9, 0.19, 188),
(123, 3, 0.07, 189),
(124, 45, 1.00, 190),
(125, 6, 1.14, 190),
(126, 45, 1.00, 191),
(127, 14, 1.31, 191),
(128, 13, 0.29, 192),
(129, 34, 0.75, 193),
(130, 45, 1.00, 194),
(131, 45, 2.00, 194),
(132, 6, 2.13, 194),
(133, 12, 0.27, 195),
(134, 26, 0.58, 196),
(135, 6, 0.14, 197),
(136, 8, 0.18, 198),
(137, 5, 0.12, 199),
(138, 6, 0.13, 200),
(139, 6, 0.13, 201),
(140, 45, 1.00, 202),
(141, 45, 1.00, 203),
(142, 5, 1.12, 203),
(143, 3, 0.08, 204),
(144, 45, 1.00, 207),
(145, 9, 1.22, 207),
(146, 5, 0.11, 208),
(147, 45, 1.00, 209),
(148, 6, 1.14, 209),
(149, 3, 0.06, 210),
(150, 2, 0.05, 211),
(151, 2, 0.05, 212),
(152, 4, 0.09, 213),
(153, 3, 0.07, 214),
(154, 3, 0.08, 215),
(155, 9, 0.20, 216),
(156, 4, 0.09, 217),
(157, 2, 0.04, 218),
(158, 3, 0.00, 219),
(159, 3, 0.07, 220),
(160, 3, 0.06, 221),
(161, 0, 0.05, 222),
(162, 5, 0.10, 230),
(163, 5, 0.11, 231),
(164, 3, 0.05, 232),
(165, 5, 0.12, 233),
(166, 2, 0.04, 235),
(167, 2, 0.05, 236),
(168, 2, 0.04, 237),
(169, 6, 0.13, 238),
(170, 45, 1.00, 239),
(171, 45, 1.00, 239),
(172, 45, 1.00, 239),
(173, 45, 1.00, 239),
(174, 46, 1.00, 239),
(175, 46, 1.00, 239),
(176, 46, 1.00, 239),
(177, 46, 1.00, 239),
(178, 46, 1.00, 239),
(179, 47, 1.00, 239),
(180, 47, 1.00, 239),
(181, 47, 1.00, 239),
(182, 47, 1.00, 239),
(183, 47, 1.00, 239),
(184, 48, 1.00, 239),
(185, 48, 1.00, 239),
(186, 48, 1.00, 239),
(187, 48, 1.00, 239),
(188, 48, 1.00, 239),
(189, 49, 1.00, 239),
(190, 49, 1.00, 239),
(191, 49, 1.00, 239),
(192, 49, 1.00, 239),
(193, 49, 1.00, 239),
(194, 50, 1.00, 239),
(195, 50, 1.00, 239),
(196, 50, 1.12, 239),
(197, 4, 0.08, 241),
(198, 5, 0.12, 242),
(199, 45, 1.00, 243),
(200, 17, 1.38, 243),
(201, 16, 0.35, 244),
(202, 9, 0.20, 245),
(203, 10, 0.22, 246),
(204, 10, 0.22, 247),
(205, 14, 0.32, 248),
(206, 12, 0.28, 249),
(207, 14, 0.21, 250),
(208, 11, 0.12, 251),
(209, 21, 0.23, 252),
(210, 14, 0.15, 253),
(211, 10, 0.11, 254),
(212, 16, 0.17, 255),
(213, 10, 0.11, 257),
(214, 8, 0.09, 258),
(215, 4, 0.05, 259),
(216, 13, 0.14, 260),
(217, 11, 0.12, 261),
(218, 43, 0.48, 262),
(219, 7, 0.08, 263),
(220, 12, 0.14, 264),
(221, 11, 0.12, 265),
(222, 23, 0.25, 266),
(223, 11, 0.13, 267),
(224, 6, 0.07, 268),
(225, 9, 0.11, 269),
(226, 89, 1.00, 270),
(227, 19, 1.22, 270),
(228, 23, 0.27, 271),
(229, 13, 0.16, 272),
(230, 1, 0.02, 273),
(231, 10, 0.12, 275),
(232, 9, 0.11, 276),
(233, 11, 0.12, 277),
(234, 6, 0.07, 278),
(235, 45, 0.51, 280),
(236, 29, 0.33, 281),
(237, 88, 1.00, 282),
(238, 6, 1.07, 282),
(239, 89, 1.00, 283),
(240, 13, 1.15, 283),
(241, 11, 0.18, 285),
(242, 19, 0.40, 286),
(243, 14, 0.28, 287),
(244, 31, 0.61, 288),
(245, 13, 0.23, 289),
(246, 4, 0.09, 290),
(247, 2, 0.03, 292),
(248, 2, 0.04, 293),
(249, 2, 0.05, 297),
(250, 2, 0.03, 300),
(251, 2, 0.04, 304),
(252, 5, 0.00, 312),
(253, 7, 0.00, 313),
(254, 6, 0.00, 314),
(255, 4, 0.00, 315),
(256, 0, 0.00, 319),
(257, 0, 0.00, 320),
(258, 6, 0.00, 321),
(259, 4, 0.00, 322),
(260, 6, 0.00, 323),
(261, 1, 0.00, 326),
(262, 2, 0.00, 327),
(263, 3, 0.00, 328),
(264, 3, 0.00, 329),
(265, 3, 0.00, 0),
(266, 3, 0.00, 333),
(267, 9, 0.00, 334),
(268, 2, 0.00, 335),
(269, 4, 0.00, 336),
(270, 3, 0.00, 337),
(271, 2, 0.00, 338),
(272, 4, 0.00, 339),
(273, 6, 0.00, 340),
(274, 4, 0.00, 341),
(275, 3, 0.00, 342),
(276, 2, 0.00, 343),
(277, 2, 0.00, 344),
(278, 5, 0.00, 345),
(279, 4, 0.00, 346),
(280, 3, 0.00, 347),
(281, 0, 0.00, 348),
(282, 2, 0.00, 349),
(283, 3, 0.00, 350),
(284, 37, 0.00, 351),
(285, 5, 0.07, 357),
(286, 3, 0.04, 358),
(287, 2, 0.03, 359),
(288, 3, 0.04, 360),
(289, 0, 0.00, 0),
(290, 3, 0.04, 361),
(291, 2, 0.03, 362),
(292, 4, 0.05, 363),
(293, 2, 0.03, 364),
(294, 3, 0.00, 357),
(295, 2, 0.00, 358);

-- --------------------------------------------------------

--
-- Table structure for table `run_stats`
--

CREATE TABLE `run_stats` (
  `id` mediumint(8) UNSIGNED NOT NULL,
  `distance` float(7,2) UNSIGNED NOT NULL,
  `lat` float(10,6) NOT NULL,
  `lng` float(10,6) NOT NULL,
  `city` varchar(30) COLLATE utf8_unicode_ci NOT NULL,
  `time` mediumint(8) UNSIGNED NOT NULL,
  `heart_rate` tinyint(3) UNSIGNED NOT NULL,
  `calories` mediumint(8) UNSIGNED NOT NULL,
  `pace` mediumint(8) NOT NULL,
  `date` datetime NOT NULL,
  `user_id` mediumint(8) UNSIGNED NOT NULL
) ENGINE=InnoDB DEFAULT CHARSET=utf8 COLLATE=utf8_unicode_ci;

--
-- Dumping data for table `run_stats`
--

INSERT INTO `run_stats` (`id`, `distance`, `lat`, `lng`, `city`, `time`, `heart_rate`, `calories`, `pace`, `date`, `user_id`) VALUES
(1, 1.00, 0.000000, 0.000000, '', 700, 0, 0, 700, '2019-04-16 07:12:00', 1),
(17, 0.00, 0.000000, 0.000000, '', 1378, 0, 100, 100, '2019-04-25 15:41:28', 1),
(18, 0.00, 0.000000, 0.000000, '', 16889, 0, 100, 100, '2019-04-25 15:47:37', 1),
(171, 1.06, 0.000000, 0.000000, '', 47, 0, 100, 100, '2019-04-28 17:40:56', 3),
(174, 1.08, 0.000000, 0.000000, '', 48, 0, 100, 100, '2019-04-28 22:29:29', 3),
(176, 1.04, 0.000000, 0.000000, '', 46, 0, 100, 100, '2019-04-29 10:55:46', 5),
(181, 0.09, 33.634911, -117.740509, '', 4, 0, 1, 100, '2019-05-01 19:22:56', 4),
(185, 0.18, 33.634903, -117.740509, '', 8, 0, 2, 100, '2019-05-01 19:36:19', 5),
(190, 1.14, 33.816128, -118.125854, '', 50, 0, 15, 100, '2019-05-02 21:08:19', 3),
(203, 1.12, 33.816128, -118.125862, '', 50, 0, 14, 100, '2019-05-04 16:04:56', 3),
(207, 1.22, 33.816097, -118.125854, '', 54, 0, 16, 100, '2019-05-04 16:24:26', 3),
(209, 1.14, 33.816284, -118.125877, '', 50, 0, 15, 100, '2019-05-04 18:14:19', 3),
(243, 1.38, 33.816269, -118.126015, '', 61, 0, 18, 100, '2019-05-04 19:34:12', 3),
(283, 1.15, 33.816284, -118.125870, '', 102, 0, 30, 100, '2019-05-05 09:40:46', 3),
(334, 0.00, 33.634907, -117.740501, 'Irvine', 9, 0, 0, 100, '2019-05-09 13:03:36', 5),
(343, 0.00, 33.634895, -117.740486, 'Irvine', 2, 0, 0, 100, '2019-05-09 13:14:17', 3),
(345, 0.00, 33.634914, -117.740463, 'Irvine', 5, 0, 0, 100, '2019-05-09 13:18:10', 3),
(346, 0.00, 33.634892, -117.740456, 'Irvine', 4, 0, 0, 100, '2019-05-09 13:21:28', 3),
(347, 0.00, 33.634918, -117.740463, '', 3, 0, 0, 100, '2019-05-09 13:24:00', 3),
(349, 0.00, 33.634911, -117.740463, 'Irvine', 2, 0, 0, 100, '2019-05-09 14:50:28', 3),
(350, 0.00, 33.630535, -117.743187, 'Laguna Hills', 3, 0, 0, 100, '2019-05-15 10:36:14', 1),
(351, 0.00, 33.630535, -117.743187, 'Laguna Hills', 37, 0, 0, 100, '2019-05-15 10:37:16', 1),
(356, 10.30, 33.634914, -117.740463, 'Irvine', 1000, 0, 0, 100, '2019-05-09 13:18:10', 5);

-- --------------------------------------------------------

--
-- Table structure for table `users`
--

CREATE TABLE `users` (
  `id` bigint(20) UNSIGNED NOT NULL,
  `first_name` varchar(30) COLLATE utf8_unicode_ci NOT NULL,
  `last_name` varchar(40) COLLATE utf8_unicode_ci NOT NULL,
  `height` smallint(5) UNSIGNED NOT NULL,
  `weight` smallint(5) UNSIGNED NOT NULL,
  `email` varchar(150) COLLATE utf8_unicode_ci NOT NULL,
  `password` varchar(40) COLLATE utf8_unicode_ci NOT NULL,
  `date` datetime NOT NULL
) ENGINE=InnoDB DEFAULT CHARSET=utf8 COLLATE=utf8_unicode_ci;

--
-- Dumping data for table `users`
--

INSERT INTO `users` (`id`, `first_name`, `last_name`, `height`, `weight`, `email`, `password`, `date`) VALUES
(1, 'Alice', 'Le', 63, 120, 'lealice927@gmail.com', 'e38ad214943daad1d64c102faec29de4afe9da3d', '0000-00-00 00:00:00'),
(2, 'Jaime', 'Kim', 66, 130, 'jaimekim@email.com', '2aa60a8ff7fcd473d321e0146afd9e26df395147', '0000-00-00 00:00:00'),
(3, 'Johnny', 'Pham', 70, 150, 'johnnypham@email.com', '1119cfd37ee247357e034a08d844eea25f6fd20f', '0000-00-00 00:00:00'),
(4, 'David', 'Lee', 68, 150, 'davidlee@email.com', 'a1d7584daaca4738d499ad7082886b01117275d8', '0000-00-00 00:00:00'),
(5, 'Guest', ' ', 58, 160, 'guest@guest.com', '7d1aa735022b1e75eaf265f8f6b1e6292091aee6', '2019-05-16 00:00:00'),
(30, 'Johnny', 'Pham', 60, 160, 'johnnypham@google.com', '5baa61e4c9b93f3f0682250b6cf8331b7ee68fd8', '2019-04-28 18:41:05'),
(31, 'test', 'test', 0, 0, 'test@test.com', 'a94a8fe5ccb19ba61c4c0873d391e987982fbbd3', '2019-05-16 15:26:29'),
(33, 'test', 'test', 0, 0, 'test@test', 'a94a8fe5ccb19ba61c4c0873d391e987982fbbd3', '2019-05-16 15:45:30'),
(34, 'first', 'last', 0, 0, 'email@email.com', '5baa61e4c9b93f3f0682250b6cf8331b7ee68fd8', '2019-05-16 15:52:54'),
(35, 'test', 'test', 0, 0, 'test@test', 'a94a8fe5ccb19ba61c4c0873d391e987982fbbd3', '2019-05-16 16:04:35'),
(36, 'dude', 'dude', 0, 0, 'dude@dude.com', '2d7a34c9ef8efa2cfdf4b89175f7edec1cd0ddda', '2019-05-16 16:06:15'),
(37, 'firstname', 'lastname', 0, 0, 'email@email.com', '5baa61e4c9b93f3f0682250b6cf8331b7ee68fd8', '2019-05-16 16:29:27');

-- --------------------------------------------------------

--
-- Table structure for table `user_connections`
--

CREATE TABLE `user_connections` (
  `id` mediumint(8) UNSIGNED NOT NULL,
  `token` varchar(40) COLLATE utf8_unicode_ci NOT NULL,
  `users_id` bigint(20) UNSIGNED NOT NULL,
  `created` datetime NOT NULL,
  `ip_address` varchar(14) COLLATE utf8_unicode_ci NOT NULL
) ENGINE=InnoDB DEFAULT CHARSET=utf8 COLLATE=utf8_unicode_ci;

--
-- Dumping data for table `user_connections`
--

INSERT INTO `user_connections` (`id`, `token`, `users_id`, `created`, `ip_address`) VALUES
(1, 'aec13016bf4171f807a7941c10cf98670403af3c', 1, '2019-05-16 16:41:52', '127.0.0.1'),
(2, '348ff82e56e95ae734863ce72a5a32443b0bb33c', 1, '2019-05-16 16:41:52', '127.0.0.1'),
(3, '98286a4c2574500d4b68725336f5786c2ac751f2', 36, '2019-05-16 16:42:13', '127.0.0.1'),
(4, '8d32a2bef38319ecab1867e3586f3968c073e405', 36, '2019-05-16 16:42:13', '127.0.0.1'),
(5, '995f4aa8c788e935b14e8e48540fc12a3224e119', 4, '2019-05-16 22:40:02', '127.0.0.1'),
(6, 'af6f9f44f6a6053865131da36ba60d647598bf1a', 4, '2019-05-16 22:40:02', '127.0.0.1'),
(7, 'c466efc0b758e815c51fe4f090707cf4d573d2b8', 38, '2019-05-16 22:46:02', '127.0.0.1'),
(8, '1d063de1a52fee77f6acb6c37bb9893daaf4cdd3', 5, '2019-05-18 16:12:31', '127.0.0.1'),
(9, '9597ec35b225861161275150592a7b287cbacd94', 5, '2019-05-18 16:22:09', '127.0.0.1'),
(10, 'e5ea8c237c0a26a1f526fa9530826ca335996edd', 5, '2019-05-18 16:22:54', '127.0.0.1'),
(11, '7f035d48d0485b53b8d047f488909d0175d09aef', 5, '2019-05-18 16:24:14', '127.0.0.1'),
(12, '561f3361f9c71a912150bc4e89f45af56348b3af', 5, '2019-05-18 16:36:22', '127.0.0.1'),
(13, 'e30b28a2e809e6ecc62ad51c46d8bd13cb5bde49', 5, '2019-05-18 16:37:54', '127.0.0.1'),
(14, '7f6353c34bc4d742b8fe287c4aca7bc0acce0897', 5, '2019-05-18 16:38:24', '127.0.0.1'),
(15, '04f8cd8c6e63fd9a0d2887500f60f1515bf7f0db', 5, '2019-05-18 16:39:03', '127.0.0.1'),
(16, '86750e9bfa70a26527011d54db126d8866b2ed5e', 5, '2019-05-18 16:39:55', '127.0.0.1'),
(17, 'b3f2fc167dafd8ddbe4a61ab3a304044a60d5d5d', 5, '2019-05-18 16:40:16', '127.0.0.1'),
(18, '1f3ebe5bbe9b61955662b77aef8c3f337d54b68f', 5, '2019-05-23 11:30:50', '127.0.0.1'),
(19, 'fae764c245f92a333dcc4252b71b2af9a53a61ad', 5, '2019-05-23 11:31:00', '127.0.0.1'),
(20, 'f5842a277d1556805428b4b31493381cfb51503b', 4, '2019-05-23 12:12:56', '127.0.0.1'),
(21, 'c69d6f16e6650f749cef428482d39b2dc09a82de', 4, '2019-05-23 12:12:56', '127.0.0.1'),
(22, 'bd7951957a68a5ac01160fb92d1470f638000b89', 5, '2019-05-31 14:52:30', '127.0.0.1'),
(23, 'c9ad5e15380a4cb097f5c25d862b89beda0eb613', 5, '2019-05-31 14:53:10', '127.0.0.1'),
(24, '414fad29903dada894b3f36de91db66a0f8c3829', 5, '2019-05-31 14:56:05', '127.0.0.1'),
(25, '75b694e7e547f5e9cf1e033434913c5fa874c86a', 5, '2019-05-31 14:56:30', '127.0.0.1'),
(26, 'b1c1ebb188229823e8c3b0f4323aa7b57f490004', 5, '2019-05-31 14:58:44', '127.0.0.1'),
(27, '8347d2597c81547f9c1651f4b3bea7423ecd4b10', 5, '2019-05-31 15:46:19', '127.0.0.1'),
(28, '6ec9572f9c04fd5b8a980f4ae5d3da5d1f533227', 5, '2019-05-31 15:53:33', '127.0.0.1'),
(29, '7ec706750446965eda5f3cf4f46c768372c5c2ee', 5, '2019-05-31 16:32:28', '127.0.0.1'),
(30, '15d6510daffb429fe74729b6912dbc55b9c8f5d0', 5, '2019-05-31 16:39:03', '127.0.0.1'),
(31, 'b000e1594da060d959ad3cc2ae3807b306d4ce19', 5, '2019-05-31 16:56:41', '127.0.0.1'),
(32, 'dca2714808125b649b3587b67b77662fcdfb727c', 5, '2019-05-31 16:57:20', '127.0.0.1'),
(33, '5519198b61bbe187a5164d42f35361d1e0f04089', 5, '2019-05-31 17:02:41', '127.0.0.1'),
(34, 'befb9e49dcc5d3ebb77f664b3e60794dfcf8b452', 5, '2019-05-31 17:07:09', '127.0.0.1'),
(35, '4b4ff137567142687086842a82f5e47c09809db5', 5, '2019-05-31 17:08:01', '127.0.0.1'),
(36, 'd1c7dae81fa1cfdd41a67b4c3155e98f524ca9f9', 5, '2019-05-31 17:09:18', '127.0.0.1'),
(37, 'a2edb189624862195db3c03a2b3371159e875467', 5, '2019-05-31 17:10:36', '127.0.0.1'),
(38, 'c2715c7de0f5f80fe732391c197852c942c21d98', 5, '2019-05-31 17:17:08', '127.0.0.1'),
(39, '885499f0b75ce95c293f79118518e31db4bc1d2c', 5, '2019-05-31 17:18:58', '127.0.0.1'),
(40, '27067fef1ce794c4c12a0a1178620fb263713a15', 5, '2019-05-31 17:21:06', '127.0.0.1'),
(41, 'a2e126a701e1db1d0def15f2aebe987ec2922d7b', 5, '2019-05-31 17:24:13', '127.0.0.1'),
(42, '35b79911737169757b6dd9896f10722f3ce5f53b', 5, '2019-05-31 17:29:29', '127.0.0.1'),
(43, '7355ddad6927d615fd0e8137a73b1bedc772e0f8', 5, '2019-05-31 17:33:47', '127.0.0.1'),
(44, '8cc25702a18be934a9483755c1f8c89c981fdb84', 5, '2019-05-31 17:34:29', '127.0.0.1'),
(45, '16b3a3c0c9a4f8e53032940f39a2d04198cd2bf3', 5, '2019-05-31 17:38:00', '127.0.0.1'),
(46, '0cd24658e1d5d17782b31ff4d764870f6b40b74b', 5, '2019-05-31 17:40:31', '127.0.0.1'),
(47, '1ff9adaca8f55504f2171f888076a8d254e471d7', 5, '2019-05-31 17:42:33', '127.0.0.1'),
(48, '364b54ba1973e4afa1f38231940275c47f4e35ea', 5, '2019-05-31 17:43:20', '127.0.0.1'),
(49, '1910fc9aa4c2cca675d4e6fed8a8d3480caf3ab6', 5, '2019-05-31 17:53:40', '127.0.0.1'),
(50, 'e3a4ff758bf1fd6cc963a2a444b60840fdf1570c', 5, '2019-05-31 17:59:35', '127.0.0.1'),
(51, 'c34eb4f2397c985e833d5204591de35aae9f029f', 5, '2019-06-01 18:16:00', '127.0.0.1'),
(52, 'b664c6882206381bb77681e26fdc33445ec72e85', 5, '2019-06-01 19:36:15', '127.0.0.1'),
(53, '580ca3de0a2f8edc3ca9bcc2d08f8765e13ea75c', 5, '2019-06-01 19:38:01', '127.0.0.1'),
(54, 'd860fa151c03702c8728450a9a58ce325ca4fa36', 5, '2019-06-01 19:40:54', '127.0.0.1'),
(55, '9b84b0654d198ed989dd35efaa68f9f056be1868', 5, '2019-06-01 19:48:34', '127.0.0.1'),
(56, '36b4ff1a776a8822023a58d04bd175e7a048e498', 4, '2019-06-01 20:19:03', '127.0.0.1'),
(57, '4aaa3d740e223adccafe927a954e2cc2e48414fe', 4, '2019-06-01 20:19:03', '127.0.0.1');

--
-- Indexes for dumped tables
--

--
-- Indexes for table `event`
--
ALTER TABLE `event`
  ADD PRIMARY KEY (`id`);

--
-- Indexes for table `guest_run_stats`
--
ALTER TABLE `guest_run_stats`
  ADD PRIMARY KEY (`id`);

--
-- Indexes for table `miles`
--
ALTER TABLE `miles`
  ADD PRIMARY KEY (`id`);

--
-- Indexes for table `run_stats`
--
ALTER TABLE `run_stats`
  ADD PRIMARY KEY (`id`);

--
-- Indexes for table `users`
--
ALTER TABLE `users`
  ADD PRIMARY KEY (`id`);
ALTER TABLE `users` ADD FULLTEXT KEY `last_name` (`last_name`);

--
-- Indexes for table `user_connections`
--
ALTER TABLE `user_connections`
  ADD PRIMARY KEY (`id`);

--
-- AUTO_INCREMENT for dumped tables
--

--
-- AUTO_INCREMENT for table `guest_run_stats`
--
ALTER TABLE `guest_run_stats`
  MODIFY `id` mediumint(8) UNSIGNED NOT NULL AUTO_INCREMENT;

--
-- AUTO_INCREMENT for table `miles`
--
ALTER TABLE `miles`
  MODIFY `id` bigint(20) UNSIGNED NOT NULL AUTO_INCREMENT, AUTO_INCREMENT=296;

--
-- AUTO_INCREMENT for table `run_stats`
--
ALTER TABLE `run_stats`
  MODIFY `id` mediumint(8) UNSIGNED NOT NULL AUTO_INCREMENT, AUTO_INCREMENT=357;

--
-- AUTO_INCREMENT for table `users`
--
ALTER TABLE `users`
  MODIFY `id` bigint(20) UNSIGNED NOT NULL AUTO_INCREMENT, AUTO_INCREMENT=38;

--
-- AUTO_INCREMENT for table `user_connections`
--
ALTER TABLE `user_connections`
  MODIFY `id` mediumint(8) UNSIGNED NOT NULL AUTO_INCREMENT, AUTO_INCREMENT=58;
